"","WP5 Country","country","year","Life Ladder","Log GDP per capita","Social support","Healthy life expectancy at birth","Freedom to make life choices","Generosity","Perceptions of corruption","Positive affect","Negative affect","Both sexes","Female","Male"
"1","Afghanistan","Afghanistan","2010",4.75838088989258,7.41626024246216,0.539075195789337,48.1595115661621,0.600127220153809,0.138528779149055,0.706766068935394,0.618265450000763,0.275323808193207,5.1,1.4,8.6
"2","Afghanistan","Afghanistan","2015",3.98285460472107,7.50675916671753,0.528597235679626,49.5885391235352,0.388927578926086,0.0946350321173668,0.880638301372528,0.55355316400528,0.339276045560837,4.8,1.5,7.8
"3","Afghanistan","Afghanistan","2016",4.22016859054565,7.49728775024414,0.559071779251099,49.871265411377,0.522566199302673,0.0573931522667408,0.793245553970337,0.564952671527863,0.348332285881042,4.7,1.5,7.6
"4","Albania","Albania","2010",5.26893663406372,9.14567852020264,0.733152270317078,67.667594909668,0.568958401679993,-0.171882137656212,0.726261675357819,0.647908091545105,0.300060242414474,7.8,6.1,9.5
"5","Albania","Albania","2015",4.60665082931519,9.24930000305176,0.639356136322021,68.5314865112305,0.70385068655014,-0.0816314741969109,0.884793043136597,0.688370048999786,0.35042667388916,6,4.4,7.6
"6","Albania","Albania","2016",4.51110076904297,9.28229999542236,0.638411462306976,68.6983795166016,0.729818940162659,-0.0179272890090942,0.901070773601532,0.675243735313416,0.321705996990204,6.3,4.7,7.9
"7","Algeria","Algeria","2010",5.46356678009033,9.46485042572021,NA,63.5534858703613,0.592695832252502,-0.23134782910347,0.61803787946701,NA,NA,3.3,1.8,4.9
"8","Algeria","Algeria","2016",5.38817071914673,9.54913806915283,0.748149693012238,64.829948425293,NA,NA,NA,0.668838143348694,0.371372014284134,3.2,1.7,4.7
"9","Argentina","Argentina","2010",6.44106721878052,9.72938823699951,0.926798582077026,66.5459671020508,0.730258166790009,-0.116923823952675,0.854695439338684,0.846135556697845,0.210975497961044,8.7,3.3,14.3
"10","Argentina","Argentina","2015",6.69713068008423,NA,0.926492273807526,67.2919082641602,0.881223678588867,NA,0.850906193256378,0.8585444688797,0.305354923009872,8.8,3.4,14.5
"11","Argentina","Argentina","2016",6.42722129821777,NA,0.88281911611557,67.4439926147461,0.847702205181122,NA,0.850924491882324,0.841906726360321,0.311646461486816,9.2,3.5,15.1
"12","Armenia","Armenia","2010",4.36781120300293,8.78077411651611,0.660342335700989,64.8173675537109,0.459256708621979,-0.159151077270508,0.890629231929779,0.509669184684753,0.426495850086212,6,2.4,10.1
"13","Armenia","Armenia","2015",4.34831953048706,8.97452735900879,0.722551047801971,65.3096237182617,0.55102664232254,-0.186720013618469,0.901462197303772,0.59414279460907,0.43794772028923,7,3,11.5
"14","Armenia","Armenia","2016",4.32547187805176,8.98956871032715,0.709218323230743,65.4094696044922,0.610986948013306,-0.155814424157143,0.921421051025391,0.593600273132324,0.437227815389633,6.6,2.8,10.8
"15","Australia","Australia","2005",7.34068822860718,10.5666608810425,0.967892169952393,71.1015319824219,0.934973299503326,NA,0.39041593670845,0.842647671699524,0.238012090325356,12.3,6,18.6
"16","Australia","Australia","2010",7.4500470161438,10.6301469802856,0.95451956987381,71.8523406982422,0.932058572769165,0.301558583974838,0.366127401590347,0.834236264228821,0.220073208212852,12.5,6.3,18.6
"17","Australia","Australia","2015",7.30906057357788,10.684063911438,0.951861560344696,72.4315338134766,0.9218710064888,0.316551566123962,0.356554388999939,0.790050208568573,0.209636971354485,13.8,7.2,20.4
"18","Australia","Australia","2016",7.25008010864258,10.6962814331055,0.942334234714508,72.5216293334961,0.922315716743469,0.223086312413216,0.398545116186142,0.790868282318115,0.236085787415504,13.2,7,19.5
"19","Austria","Austria","2010",7.30267858505249,10.6681318283081,0.914193332195282,70.6322784423828,0.895979762077332,0.122655443847179,0.546144843101501,0.814719200134277,0.15579254925251,16,7.5,25
"20","Austria","Austria","2015",7.07644701004028,10.6895036697388,0.928110301494598,71.470344543457,0.900305151939392,0.0903820991516113,0.557479619979858,0.79826295375824,0.164469033479691,16,7.5,24.9
"21","Austria","Austria","2016",7.04807186126709,10.6945953369141,0.92631858587265,71.6456527709961,0.88851398229599,0.0715372785925865,0.523640990257263,0.755902588367462,0.197423845529556,15.6,7.7,23.9
"22","Azerbaijan","Azerbaijan","2010",4.2186107635498,9.67722988128662,0.68700098991394,61.6449012756348,0.501071095466614,-0.145815536379814,0.85834664106369,0.526930570602417,0.271873325109482,3.1,1.2,5
"23","Azerbaijan","Azerbaijan","2015",5.14677476882935,9.72288799285889,0.785702764987946,61.981372833252,0.764289498329163,-0.221265152096748,0.615552544593811,0.606569349765778,0.206114277243614,2.7,1.1,4.3
"24","Azerbaijan","Azerbaijan","2016",5.30389499664307,9.69119739532471,0.777271032333374,62.0449256896973,0.712573170661926,-0.228227600455284,0.606770813465118,0.597593486309052,0.191117197275162,2.6,1.1,4.2
"25","Bahrain","Bahrain","2010",5.9368691444397,10.602557182312,0.877115070819855,65.252197265625,0.862002909183502,-0.0147745497524738,0.714620172977448,0.68458753824234,0.422670722007751,5.2,2.4,6.9
"26","Bahrain","Bahrain","2015",6.00737524032593,10.6960735321045,0.852550745010376,65.8462142944336,0.849521160125732,NA,NA,0.71554297208786,0.302972108125687,5.9,2,8.3
"27","Bahrain","Bahrain","2016",6.16967344284058,10.7067766189575,0.86270010471344,65.9639205932617,0.888691067695618,NA,NA,0.787187218666077,0.283466339111328,5.9,1.9,8.4
"28","Bangladesh","Bangladesh","2010",4.85848140716553,7.80437564849854,0.549398481845856,60.0688247680664,0.659005641937256,-0.00592330889776349,0.77353048324585,0.628579914569855,0.292425215244293,6.4,8.5,4.3
"29","Bangladesh","Bangladesh","2015",4.63347387313843,8.05088233947754,0.60146826505661,61.7199096679688,0.814796268939972,-0.0597554445266724,0.72060090303421,0.634507656097412,0.225753754377365,6.1,7.4,4.7
"30","Bangladesh","Bangladesh","2016",4.5561408996582,8.10056972503662,0.649116933345795,62.0461883544922,0.874700486660004,-0.0798178464174271,0.687853634357452,0.559939086437225,0.235022455453873,5.9,7,4.7
"31","Belarus","Belarus","2010",5.52592325210571,9.66161441802979,0.918000161647797,62.5821151733398,0.700064420700073,-0.170453920960426,0.706120610237122,0.566530406475067,0.208272159099579,38.2,12.3,68.1
"32","Belarus","Belarus","2015",5.71890783309937,9.71842384338379,0.924072623252869,65.3159866333008,0.622753441333771,-0.0996037572622299,0.668678164482117,0.58372688293457,0.184309959411621,26.3,8.3,47
"33","Belarus","Belarus","2016",5.17789936065674,9.6846981048584,0.926551103591919,65.7647705078125,0.658228814601898,-0.133018329739571,0.664055168628693,0.55387020111084,0.182106122374535,26.2,8.2,46.9
"34","Belgium","Belgium","2005",7.26229047775269,10.5839376449585,0.934874713420868,70.0951843261719,0.923843026161194,NA,0.597554445266724,0.796278774738312,0.260379940271378,21.2,12.1,30.6
"35","Belgium","Belgium","2010",6.85351419448853,10.6139354705811,0.930570185184479,71.1623458862305,0.806930243968964,0.0124465906992555,0.697365581989288,0.828258514404297,0.240364328026772,21.3,13.6,29.3
"36","Belgium","Belgium","2015",6.90421915054321,10.6246967315674,0.88520884513855,71.5216751098633,0.869474947452545,0.0536888167262077,0.468784630298615,0.805177509784698,0.239958703517914,20.1,13.4,27
"37","Belgium","Belgium","2016",6.94893646240234,10.6321783065796,0.928964078426361,71.5216751098633,0.865759015083313,-0.0642542317509651,0.496659100055695,0.764590084552765,0.259653389453888,20.7,13.8,27.8
"38","Benin","Benin","2015",3.62466430664062,7.59368324279785,0.434388518333435,50.6009712219238,0.733383595943451,0.00172781909350306,0.850098192691803,0.592222332954407,0.373396545648575,9.9,6,13.9
"39","Benin","Benin","2016",4.00735759735107,7.62152338027954,0.492815852165222,50.7692451477051,0.779795229434967,-0.0385210476815701,0.837715744972229,0.608236968517303,0.455767601728439,9.9,5.9,13.9
"40","Bhutan","Bhutan","2015",5.08212852478027,8.93608379364014,0.847574412822723,60.5960884094238,0.830101549625397,0.288095593452454,0.633955776691437,0.809641480445862,0.311589300632477,11.6,8.7,14.1
"41","Bosnia and Herzegovina","Bosnia and Herzegovina","2010",4.66851758956909,9.14102172851562,0.772753715515137,66.9470443725586,0.36496689915657,-0.126574322581291,0.933030068874359,0.516695261001587,0.409213185310364,8,3.3,12.9
"42","Bosnia and Herzegovina","Bosnia and Herzegovina","2015",5.11717796325684,9.2126932144165,0.655723631381989,67.6375350952148,0.630698025226593,-0.0486619286239147,0.959853649139404,0.533987402915955,0.286234140396118,8.9,3.7,14.3
"43","Bosnia and Herzegovina","Bosnia and Herzegovina","2016",5.18086528778076,9.2401819229126,0.807705104351044,67.7755813598633,0.633453726768494,0.140728294849396,0.957311987876892,0.640764355659485,0.304080277681351,8.8,3.6,14.1
"44","Botswana","Botswana","2010",3.55302023887634,9.48185920715332,0.865624785423279,54.1987342834473,0.826219379901886,-0.151035502552986,0.813985407352448,0.690273463726044,0.172184273600578,11.1,5.3,17.1
"45","Botswana","Botswana","2015",3.76196479797363,9.6075267791748,0.815656065940857,55.1351165771484,0.857168912887573,-0.122300840914249,0.860292971134186,0.746204018592834,0.261428147554398,9.7,4.6,14.8
"46","Botswana","Botswana","2016",3.49893665313721,9.62471294403076,0.768302798271179,55.1936225891113,0.851694881916046,-0.258422136306763,0.729171812534332,0.685666739940643,0.251836597919464,9.3,4.5,14.2
"47","Brazil","Brazil","2005",6.6367712020874,9.40897083282471,0.882922947406769,62.1315765380859,0.882186114788055,NA,0.744994044303894,0.818337440490723,0.301779836416245,5.5,2.5,8.5
"48","Brazil","Brazil","2010",6.83733129501343,9.57539558410645,0.905528128147125,63.3635864257812,0.80594927072525,-0.0658428966999054,0.656036078929901,0.816654920578003,0.249881222844124,5.7,2.8,8.7
"49","Brazil","Brazil","2015",6.54689693450928,9.57879161834717,0.90669310092926,64.5892486572266,0.798935294151306,-0.0267922449856997,0.771339058876038,0.755194008350372,0.324699103832245,6.5,3.2,9.9
"50","Brazil","Brazil","2016",6.37481737136841,9.52551078796387,0.912455141544342,64.830924987793,0.806571543216705,-0.110323585569859,0.781092762947083,0.763112425804138,0.302083820104599,6.5,3.1,10
"51","Bulgaria","Bulgaria","2010",3.91227626800537,9.63309383392334,0.843272030353546,65.5649337768555,0.544536411762238,-0.149353161454201,0.940970003604889,0.545823633670807,0.237594187259674,12.5,6,19.4
"52","Bulgaria","Bulgaria","2015",4.86540126800537,9.73840141296387,0.90751701593399,67.7424545288086,0.636817812919617,-0.204799845814705,0.941279947757721,0.642794489860535,0.214223831892014,11.4,5.1,18.1
"53","Bulgaria","Bulgaria","2016",4.83756065368652,9.76636695861816,0.926036059856415,68.2297286987305,0.700265526771545,-0.174192681908607,0.935988187789917,0.621855139732361,0.171699851751328,11.5,5.1,18.2
"54","Burkina Faso","Burkina Faso","2010",4.03556060791016,7.26005506515503,0.773103535175323,49.1822319030762,0.586580753326416,-0.0197577867656946,0.767335116863251,0.590039193630219,0.216673478484154,7.5,4.8,10.3
"55","Burkina Faso","Burkina Faso","2015",4.41893005371094,7.35341644287109,0.705393493175507,50.8071479797363,0.659102737903595,0.0208133310079575,0.692723989486694,0.579355955123901,0.359287649393082,7.7,5.3,10.2
"56","Burkina Faso","Burkina Faso","2016",4.20563459396362,7.37611675262451,0.764401137828827,51.1070022583008,0.644681513309479,0.0169653072953224,0.720542430877686,0.616066873073578,0.337300181388855,7.7,5.3,10.2
"57","Cambodia","Cambodia","2010",4.14107227325439,7.82934904098511,0.697163820266724,56.2434043884277,0.940131187438965,0.353921890258789,0.895714461803436,0.774444818496704,0.421966344118118,5.4,3.2,7.8
"58","Cambodia","Cambodia","2015",4.16216468811035,8.09505653381348,0.728610277175903,58.1639518737793,0.956319808959961,0.212220832705498,0.825130224227905,0.812529683113098,0.399102687835693,5.3,2.9,7.8
"59","Cambodia","Cambodia","2016",4.46125936508179,8.14667797088623,0.745901226997375,58.536937713623,0.957821488380432,0.0778732150793076,0.840416848659515,0.838551998138428,0.398200303316116,5.3,2.9,7.8
"60","Cameroon","Cameroon","2010",4.55425691604614,7.85359334945679,0.758640706539154,46.0241394042969,0.792220175266266,0.0135562149807811,0.87471866607666,0.606357395648956,0.273786336183548,11.7,6.9,16.4
"61","Cameroon","Cameroon","2015",5.03796482086182,7.98574829101562,0.646312475204468,47.9517478942871,0.791428565979004,0.0583130307495594,0.868049025535583,0.650874555110931,0.346430003643036,12.3,7.3,17.3
"62","Cameroon","Cameroon","2016",4.81623220443726,8.02001571655273,0.659299790859222,48.3382797241211,0.712507009506226,0.00416181143373251,0.879450559616089,0.661523461341858,0.3670933842659,12.2,7.4,17.1
"63","Canada","Canada","2005",7.41804838180542,10.6083469390869,0.961552441120148,70.5008926391602,0.957306265830994,0.237725734710693,0.502681195735931,0.838543772697449,0.233278155326843,13.2,6.9,19.5
"64","Canada","Canada","2010",7.65034627914429,10.6139678955078,0.953765451908112,71.4845199584961,0.933948814868927,0.216129541397095,0.412659585475922,0.87886768579483,0.23311285674572,13,7.1,19
"65","Canada","Canada","2015",7.41277265548706,10.6664142608643,0.93906706571579,72.1301040649414,0.931468963623047,0.238489091396332,0.427152246236801,0.845327615737915,0.28628021478653,12.5,7,18.2
"66","Canada","Canada","2016",7.24484586715698,10.6745128631592,0.924392521381378,72.2983016967773,0.91242390871048,0.196096614003181,0.385090440511703,0.824586391448975,0.237422868609428,12.5,7,18.1
"67","Central African Republic","Central African Republic","2010",3.56789255142212,6.78977870941162,0.483333885669708,40.1546783447266,0.689950883388519,-0.00841648690402508,0.845376968383789,0.523006200790405,0.256705284118652,9.5,5.1,13.9
"68","Central African Republic","Central African Republic","2016",2.69306111335754,NA,0.290184170007706,44.0232200622559,0.62405651807785,NA,0.859073042869568,0.578653812408447,0.49426805973053,7.7,4,11.5
"69","Chad","Chad","2010",3.74287104606628,7.56201076507568,0.733713626861572,43.0182609558105,0.504612565040588,0.0178806856274605,0.857664048671722,0.544883072376251,0.287240535020828,8.7,7.9,9.5
"70","Chad","Chad","2015",4.3226752281189,7.62244081497192,0.751252233982086,44.793830871582,0.474360883235931,-0.0354880914092064,0.888639390468597,0.606682658195496,0.358437925577164,8.9,7.5,10.2
"71","Chad","Chad","2016",4.02935028076172,7.58424806594849,0.616204857826233,45.1081428527832,0.52522212266922,0.0413715019822121,0.819788873195648,0.582458257675171,0.467566758394241,8.8,7.4,10.3
"72","Chile","Chile","2010",6.63565587997437,9.87083339691162,0.856955230236053,70.2413330078125,0.786367475986481,0.0958715677261353,0.701824724674225,0.809172987937927,0.300116688013077,12.2,4.7,19.9
"73","Chile","Chile","2015",6.53274965286255,10.00537109375,0.827141880989075,71.5701522827148,0.768881440162659,0.0279975272715092,0.811511337757111,0.803024709224701,0.332746744155884,10.9,4.4,17.5
"74","Chile","Chile","2016",6.57905626296997,10.0100355148315,0.841388165950775,71.8311386108398,0.652289748191833,0.0897446274757385,0.858124971389771,0.869228899478912,0.283042103052139,10.6,4,17.2
"75","China","China","2010",4.65273666381836,9.15159893035889,0.767752587795258,68.006721496582,0.8047935962677,-0.148627668619156,NA,0.765264630317688,0.15809965133667,10.9,12.5,9.3
"76","China","China","2015",5.30387783050537,9.50302982330322,0.793733716011047,68.8879852294922,NA,-0.261917233467102,NA,0.80891090631485,0.171314984560013,9.6,10.3,8.9
"77","China","China","2016",5.32495594024658,9.56101226806641,0.741703033447266,69.0667037963867,NA,-0.245219811797142,NA,0.826144397258759,0.145625159144402,9.7,10.3,9.1
"78","Colombia","Colombia","2010",6.40811347961426,9.29656410217285,0.892992675304413,63.0746078491211,0.816121101379395,-0.05537074431777,0.814524471759796,0.830626130104065,0.26465916633606,7.2,2.7,11.7
"79","Colombia","Colombia","2015",6.38757181167603,9.47179412841797,0.889900028705597,63.8481788635254,0.790897965431213,-0.106950372457504,0.842899322509766,0.83929455280304,0.29176938533783,8.3,3.3,13.4
"80","Colombia","Colombia","2016",6.23371505737305,9.48623085021973,0.881900370121002,64.0060577392578,0.834966123104095,-0.107797056436539,0.897553861141205,0.793531477451324,0.294222772121429,7.2,2.8,11.6
"81","Comoros","Comoros","2010",3.81219100952148,7.20498609542847,0.721342921257019,52.8551177978516,0.528675258159637,0.062579944729805,0.74118173122406,0.727507770061493,0.17794805765152,6.6,3.4,9.7
"82","Costa Rica","Costa Rica","2010",7.27105379104614,9.44612598419189,0.91514128446579,68.7694625854492,0.881029605865479,0.0506102293729782,0.762587249279022,0.886287093162537,0.221241250634193,8.6,2.5,14.7
"83","Costa Rica","Costa Rica","2015",6.85400438308716,9.5799560546875,0.878272950649261,69.5067520141602,0.906925678253174,-0.0575651824474335,0.761419415473938,0.849709570407867,0.286440312862396,7.9,2.4,13.4
"84","Costa Rica","Costa Rica","2016",7.13561773300171,9.6092004776001,0.900701284408569,69.6617736816406,0.872971951961517,-0.0310223046690226,0.780562043190002,0.873584389686584,0.281422287225723,7.9,2.4,13.5
"85","Croatia","Croatia","2010",5.5955753326416,9.90292835235596,0.796391606330872,66.6710433959961,0.564372658729553,-0.240153729915619,0.972738981246948,0.606828212738037,0.258886873722076,18.6,9.4,28.4
"86","Croatia","Croatia","2015",5.20543813705444,9.92475891113281,0.768363416194916,67.5917434692383,0.693523049354553,-0.10031608492136,0.848545551300049,0.608886182308197,0.294019341468811,17.8,9.4,26.8
"87","Cyprus","Cyprus","2010",6.38654613494873,10.4252319335938,0.82212370634079,71.6373672485352,0.755362808704376,0.0612529031932354,0.833427011966705,0.78611147403717,0.295705854892731,5.7,2.7,8.7
"88","Cyprus","Cyprus","2015",5.43916130065918,10.3192205429077,0.769556105136871,72.4778900146484,0.628034830093384,0.103273972868919,0.892795145511627,0.746730089187622,0.383106410503387,4.9,2.5,7.3
"89","Cyprus","Cyprus","2016",5.79461860656738,10.3231220245361,0.786438465118408,72.6419372558594,0.756220996379852,-0.0367343202233315,0.897639513015747,0.742049396038055,0.336344689130783,5.3,2.3,8.2
"90","Denmark","Denmark","2005",8.01893424987793,10.690113067627,0.972371518611908,68.113410949707,0.971135020256042,NA,0.236521705985069,0.859549045562744,0.153671950101852,16.2,11.4,21
"91","Denmark","Denmark","2010",7.77051544189453,10.6688947677612,0.974977076053619,69.2125015258789,0.943630814552307,0.232510253787041,0.174896091222763,0.784826636314392,0.154562935233116,12.7,8.7,16.8
"92","Denmark","Denmark","2015",7.5144248008728,10.6785659790039,0.959701299667358,70.697868347168,0.941436409950256,0.214236795902252,0.191016390919685,0.829217493534088,0.217577576637268,11.9,8.4,15.5
"93","Denmark","Denmark","2016",7.5577826499939,10.6831016540527,0.954451501369476,70.9155502319336,0.948230564594269,0.131326869130135,0.209893375635147,0.836115717887878,0.207583427429199,12.8,8.2,17.3
"94","Djibouti","Djibouti","2010",5.00581073760986,7.90072202682495,NA,51.4550094604492,0.763730347156525,-0.0666919350624084,0.596910238265991,NA,NA,5.2,3.5,6.8
"95","Dominican Republic","Dominican Republic","2010",4.73502111434937,9.32437419891357,0.859969317913055,62.3569755554199,0.82390284538269,-0.077780082821846,0.779742121696472,0.787005662918091,0.281694859266281,8,3,13.1
"96","Dominican Republic","Dominican Republic","2015",5.06186246871948,9.50113582611084,0.893197774887085,63.154411315918,0.856025338172913,-0.0692487582564354,0.755288183689117,0.713907718658447,0.295253098011017,9.7,3.1,16.2
"97","Dominican Republic","Dominican Republic","2016",5.23869848251343,9.53872108459473,0.894753456115723,63.3088035583496,0.872712433338165,-0.0831515938043594,0.737182974815369,0.759945571422577,0.278095126152039,9.9,3.1,16.8
"98","Ecuador","Ecuador","2010",5.83805131912231,9.14338207244873,0.83927971124649,66.0262298583984,0.723079085350037,-0.0670603215694427,0.80563884973526,0.826495051383972,0.220013707876205,8.5,4.8,12.3
"99","Ecuador","Ecuador","2015",5.96407508850098,9.27964210510254,0.855889201164246,66.9648895263672,0.800870478153229,-0.11846199631691,0.665827512741089,0.850546061992645,0.322946101427078,9.6,4.9,14.3
"100","Ecuador","Ecuador","2016",6.11543750762939,9.22300910949707,0.842352092266083,67.1619873046875,0.846336305141449,-0.0174206402152777,0.774084150791168,0.846354007720947,0.365246593952179,7.1,3.9,10.3
"101","Egypt","Egypt","2005",5.16775417327881,9.01134777069092,0.847842454910278,59.6508560180664,0.817362010478973,NA,NA,0.734862744808197,0.345555186271667,3.4,1.5,5.3
"102","Egypt","Egypt","2010",4.66891622543335,9.22049903869629,0.768675267696381,60.4332084655762,0.486279040575027,-0.0855833739042282,0.826335191726685,0.56675910949707,0.276345610618591,3.6,1.5,5.7
"103","Egypt","Egypt","2015",4.76253843307495,9.23502922058105,0.729744255542755,61.2728958129883,0.659261465072632,-0.0980289503931999,0.684498071670532,0.609594345092773,0.344331502914429,3.8,1.5,6
"104","Egypt","Egypt","2016",4.55674076080322,9.24643611907959,0.80921858549118,61.4412307739258,0.65584522485733,-0.150301799178123,0.817527413368225,0.611369669437408,0.370498210191727,4,1.5,6.4
"105","El Salvador","El Salvador","2010",6.73991107940674,8.91631317138672,0.756653904914856,62.711784362793,0.669337868690491,-0.0744267329573631,0.694180071353912,0.813811123371124,0.302185982465744,10.8,4.2,18.1
"106","El Salvador","El Salvador","2015",6.01849603652954,8.99907112121582,0.790755391120911,63.8846054077148,0.733355939388275,-0.16571356356144,0.804544270038605,0.825733780860901,0.33264684677124,14,4.6,24.5
"107","El Salvador","El Salvador","2016",6.13982486724854,9.01753330230713,0.79365998506546,64.1089630126953,0.799847006797791,-0.194430649280548,0.797312021255493,0.76125568151474,0.345736473798752,13.7,4.5,24.2
"108","Estonia","Estonia","2015",5.62890863418579,10.2009840011597,0.917929649353027,67.2928771972656,0.814692378044128,-0.171809613704681,0.568734467029572,0.723337709903717,0.182694777846336,15.8,5.3,27.6
"109","Estonia","Estonia","2016",5.6496753692627,10.2202482223511,0.937715113162994,67.3777618408203,0.84277069568634,-0.156858995556831,0.639085292816162,0.726254880428314,0.176869258284569,17.8,6.6,30.6
"110","Ethiopia","Ethiopia","2015",4.57315492630005,7.33295345306396,0.625596821308136,55.5395622253418,0.802642583847046,0.12558613717556,0.56702733039856,0.713888168334961,0.236629039049149,7.2,3.2,11.2
"111","Ethiopia","Ethiopia","2016",4.29784870147705,7.37780380249023,0.718718707561493,56.0490226745605,0.744307696819305,0.0522867254912853,0.702880859375,0.727070868015289,0.253940522670746,7.2,3.1,11.2
"112","Finland","Finland","2010",7.39326429367065,10.5821514129639,0.935481369495392,70.0101470947266,0.916009128093719,0.0805525779724121,0.412515699863434,0.832108616828918,0.202094659209251,18.9,9.8,28.4
"113","Finland","Finland","2015",7.44792556762695,10.5621156692505,0.947800576686859,71.2480010986328,0.929861903190613,0.100982859730721,0.223369657993317,0.75131618976593,0.191057592630386,14.4,7.2,21.8
"114","Finland","Finland","2016",7.65984344482422,10.5687627792358,0.953940451145172,71.3826904296875,0.948372185230255,-0.0358746759593487,0.249659568071365,0.797325074672699,0.181998446583748,15.9,8.1,23.9
"115","France","France","2005",7.09339284896851,10.502142906189,0.940338253974915,70.3873901367188,0.894819259643555,NA,0.687850832939148,0.768988251686096,0.225094199180603,21.1,13.5,29
"116","France","France","2010",6.79790115356445,10.5116844177246,0.942954778671265,71.704460144043,0.849702179431915,-0.114278644323349,0.622954249382019,0.789724111557007,0.260568112134933,20.2,13,27.7
"117","France","France","2015",6.35762500762939,10.5269012451172,0.895719408988953,72.4625778198242,0.817036211490631,-0.149232417345047,0.640602052211761,0.785965919494629,0.215400278568268,18,11.8,24.4
"118","France","France","2016",6.47520875930786,10.536247253418,0.884922921657562,72.5975036621094,0.786780476570129,-0.101393684744835,0.622697055339813,0.772661328315735,0.270036250352859,17.7,11.7,23.9
"119","Gabon","Gabon","2015",4.66101264953613,9.84330749511719,0.75586199760437,55.6484527587891,0.671300709247589,-0.223484456539154,0.86677747964859,0.626362025737762,0.371656328439713,7.3,3.3,11.1
"120","Gabon","Gabon","2016",4.83176422119141,9.86025714874268,0.780048966407776,56.1111450195312,0.698942363262177,-0.235984086990356,0.816563546657562,0.640116572380066,0.432404667139053,7.1,3.2,10.7
"121","Georgia","Georgia","2010",4.10183715820312,8.81489276885986,0.540388941764832,65.0021438598633,0.557857930660248,-0.229917913675308,0.459736317396164,0.501790285110474,0.242536306381226,6.9,2.3,11.8
"122","Georgia","Georgia","2015",4.12194061279297,9.11704635620117,0.517371594905853,65.7232284545898,0.639944970607758,-0.19242499768734,0.502416789531708,0.54727977514267,0.233192086219788,8.1,2.7,14
"123","Georgia","Georgia","2016",4.44838619232178,9.15903186798096,0.533412277698517,65.8591384887695,0.606468379497528,-0.238100916147232,0.560924053192139,0.563896000385284,0.223224475979805,8.2,2.7,14.2
"124","Germany","Germany","2005",6.61954975128174,10.5433444976807,0.96349036693573,69.1870498657227,0.846623778343201,NA,0.781006813049316,0.775691866874695,0.197262480854988,13.6,7.2,20.4
"125","Germany","Germany","2010",6.72453117370605,10.6131210327148,0.939308643341064,70.1127700805664,0.842656433582306,0.0837243348360062,0.688005983829498,0.793705821037292,0.182344138622284,13.7,7,20.6
"126","Germany","Germany","2015",7.03713750839233,10.6931505203247,0.925923228263855,70.8631744384766,0.889428853988647,0.166150063276291,0.41216829419136,0.764539361000061,0.202705159783363,13.8,7.8,19.9
"127","Germany","Germany","2016",6.87376308441162,10.7041683197021,0.906029284000397,70.8631744384766,0.870515048503876,0.136947974562645,0.445922136306763,0.737745940685272,0.187254935503006,13.6,7.7,19.7
"128","Ghana","Ghana","2010",4.60625171661377,8.03393936157227,0.738558650016785,52.7893333435059,0.891129910945892,0.0843028351664543,0.874849140644073,0.783399701118469,0.18412871658802,4.7,2.1,7.5
"129","Ghana","Ghana","2015",3.98591613769531,8.28228282928467,0.687448561191559,53.5481376647949,0.852016150951385,-0.0312209334224463,0.945436120033264,0.68977826833725,0.265278548002243,5.3,2.1,8.5
"130","Ghana","Ghana","2016",4.51441144943237,8.31090831756592,0.64730316400528,53.6958198547363,0.751168370246887,0.0952652245759964,0.893955230712891,0.668263912200928,0.304909706115723,5.4,2.1,8.7
"131","Greece","Greece","2005",6.0063099861145,10.3125410079956,0.836539447307587,69.456428527832,0.734171807765961,NA,0.860563099384308,0.691997587680817,0.263643026351929,3.5,1.4,5.7
"132","Greece","Greece","2010",5.83955860137939,10.2839488983154,0.868422448635101,70.4633865356445,0.484110981225967,-0.311486333608627,0.954113841056824,0.633947491645813,0.29151639342308,3.3,0.7,6
"133","Greece","Greece","2015",5.62251901626587,10.1111936569214,0.834824681282043,71.2501373291016,0.531736314296722,-0.279437601566315,0.823959648609161,0.739751219749451,0.277412533760071,4.8,1.9,7.8
"134","Greece","Greece","2016",5.30261945724487,10.115122795105,0.802605867385864,71.2501373291016,0.481616854667664,-0.267767459154129,0.898470818996429,0.70050436258316,0.336207509040833,5,2,8.1
"135","Guatemala","Guatemala","2010",6.28974866867065,8.80502033233643,0.85905247926712,60.9455375671387,0.695862948894501,0.164497286081314,0.794835388660431,0.849933385848999,0.23561792075634,2.9,1.5,4.3
"136","Guatemala","Guatemala","2015",6.46498680114746,8.88916397094727,0.822837471961975,61.9642105102539,0.868639767169952,0.0502394661307335,0.821654915809631,0.851370811462402,0.310553789138794,3.1,1.9,4.3
"137","Guatemala","Guatemala","2016",6.35891628265381,8.90393829345703,0.81123548746109,62.1674537658691,0.862675726413727,0.00994620099663734,0.812030017375946,0.84612250328064,0.321357190608978,2.7,1.8,3.7
"138","Guinea","Guinea","2015",3.50469350814819,7.03481674194336,0.578859627246857,50.0563659667969,0.665953040122986,0.0543316043913364,0.762152016162872,0.666970610618591,0.267741233110428,6.4,5.2,7.6
"139","Guinea","Guinea","2016",3.60285472869873,7.04714822769165,0.675447046756744,50.4930992126465,0.725685179233551,-0.00405243365094066,0.802781164646149,0.686984658241272,0.374393790960312,6.3,5,7.5
"140","Haiti","Haiti","2010",3.76599884033203,7.31457471847534,0.554030776023865,51.3626823425293,0.372941315174103,0.222772732377052,0.848006784915924,0.554959654808044,0.292556822299957,10.2,5.7,14.8
"141","Haiti","Haiti","2015",3.56976246833801,7.41361665725708,0.564319670200348,52.9173202514648,0.398295491933823,0.31186118721962,0.777403950691223,0.618564426898956,0.332539677619934,11.7,6.5,17
"142","Haiti","Haiti","2016",3.35230016708374,7.40985870361328,0.583742439746857,53.2077598571777,0.303540408611298,0.297609388828278,0.838523149490356,0.55277407169342,0.367341011762619,11.7,6.5,17
"143","Honduras","Honduras","2010",5.86613130569458,8.37489700317383,0.802938997745514,62.6110076904297,0.645528495311737,0.108209848403931,0.819940090179443,0.796518564224243,0.259946256875992,2.5,1.3,3.6
"144","Honduras","Honduras","2015",4.84543657302856,8.47325897216797,0.772375524044037,63.4192962646484,0.534057676792145,-0.0959090292453766,0.848082721233368,0.862836599349976,0.310766160488129,2.8,1.5,4.2
"145","Honduras","Honduras","2016",5.64815473556519,8.49257946014404,0.773909986019135,63.5860900878906,0.850046694278717,0.0809134095907211,0.792875170707703,0.832396745681763,0.296846687793732,2.9,1.5,4.4
"146","Hungary","Hungary","2005",5.19393348693848,10.0073957443237,0.929628252983093,63.9309272766113,0.696874499320984,NA,0.90281069278717,0.675444006919861,0.290326952934265,26.7,11.8,43.1
"147","Hungary","Hungary","2010",4.72513246536255,10.0055913925171,0.895693719387054,65.3024368286133,0.513835370540619,-0.155152812600136,0.983276009559631,0.655816435813904,0.234813049435616,26,11.4,42.1
"148","Hungary","Hungary","2015",5.34438323974609,10.1053867340088,0.858733832836151,67.0388259887695,0.557721376419067,-0.207359686493874,0.907530307769775,0.706814765930176,0.244536384940147,20.3,10.1,31.6
"149","Hungary","Hungary","2016",5.44890165328979,10.1235284805298,0.899511575698853,67.3092651367188,0.553951740264893,-0.196067854762077,0.924185812473297,0.66591078042984,0.243325769901276,19.1,9.6,29.7
"150","Iceland","Iceland","2015",7.49807071685791,10.656063079834,0.980283200740814,72.0535430908203,0.940485119819641,0.292921930551529,0.638661801815033,0.849020838737488,0.179504439234734,14,5.7,22.3
"151","Iceland","Iceland","2016",7.51003456115723,10.6890296936035,0.984940052032471,72.0535430908203,0.951609551906586,0.273987829685211,0.719299554824829,0.873887896537781,0.158169165253639,14,5.6,22.3
"152","India","India","2010",4.98927736282349,8.39039039611816,0.604809761047363,57.437126159668,0.783060371875763,0.0494127757847309,0.862548053264618,0.696512341499329,0.266502022743225,16.5,15.2,17.7
"153","India","India","2015",4.34207916259766,8.6534948348999,0.610133290290833,59.0443954467773,0.777225255966187,-0.0161266569048166,0.77643495798111,0.700676679611206,0.321829438209534,16.5,14.9,18
"154","India","India","2016",4.17917728424072,8.71315860748291,0.6135293841362,59.3495979309082,0.820068776607513,0.0351237468421459,0.764722108840942,0.69450443983078,0.345681458711624,16.3,14.7,17.8
"155","Indonesia","Indonesia","2010",5.45729923248291,9.04372978210449,0.816021502017975,59.5088195800781,0.699657559394836,0.435710668563843,0.954049587249756,0.836674869060516,0.21790799498558,3.6,2.2,5.1
"156","Indonesia","Indonesia","2015",5.042799949646,9.24814891815186,0.809478104114532,60.3167152404785,0.779418349266052,0.457930028438568,0.945967257022858,0.876232743263245,0.274292200803757,3.4,2,4.8
"157","Indonesia","Indonesia","2016",5.13632535934448,9.28741264343262,0.791830599308014,60.4772834777832,0.829941630363464,0.485927581787109,0.889677405357361,0.832811951637268,0.341573596000671,3.4,2,4.8
"158","Iraq","Iraq","2010",5.06546211242676,9.44731998443604,0.854117810726166,59.6842460632324,0.419064104557037,-0.161755204200745,0.858734667301178,0.541775107383728,0.430934399366379,2.8,2.2,3.3
"159","Iraq","Iraq","2015",4.49337720870972,9.54808139801025,0.684434831142426,60.6652641296387,0.599459946155548,-0.016399335116148,0.762167155742645,0.490032553672791,0.581266939640045,3.1,2.6,3.5
"160","Iraq","Iraq","2016",4.41253709793091,9.58671951293945,0.718956708908081,60.8536605834961,0.66616016626358,-0.0829150602221489,0.798866450786591,0.48869201540947,0.569758057594299,3,2.6,3.4
"161","Ireland","Ireland","2010",7.25738954544067,10.7073650360107,0.97288590669632,70.775520324707,0.856029570102692,0.337917804718018,0.618024110794067,0.875982642173767,0.200655415654182,12,5.6,18.5
"162","Ireland","Ireland","2015",6.83012533187866,10.8570585250854,0.952942550182343,71.2693786621094,0.89227694272995,0.23181077837944,0.408756911754608,0.7993203997612,0.225349247455597,11.5,4.5,18.5
"163","Ireland","Ireland","2016",7.04073143005371,10.9011526107788,0.958144009113312,71.4040679931641,0.874589145183563,0.17178563773632,0.398544311523438,0.809203028678894,0.21106331050396,11.5,4.6,18.5
"164","Israel","Israel","2010",7.35891628265381,10.2973165512085,0.881829857826233,71.6509246826172,0.561477899551392,0.142222195863724,0.902182698249817,0.679458379745483,0.362394362688065,7.3,2.7,12
"165","Israel","Israel","2015",7.07941102981567,10.3631467819214,0.864130198955536,72.2205810546875,0.752783954143524,0.100959926843643,0.789429903030396,0.69654768705368,0.256258249282837,5,2.4,7.6
"166","Israel","Israel","2016",7.159010887146,10.3674640655518,0.889660775661469,72.3062438964844,0.772297322750092,0.146692499518394,0.804056584835052,0.629189372062683,0.263090223073959,5.4,2.7,8.1
"167","Italy","Italy","2005",6.85378360748291,10.5216751098633,0.928000688552856,71.050048828125,0.802194952964783,NA,0.943912327289581,0.678837299346924,0.294698148965836,7,3.9,10.3
"168","Italy","Italy","2010",6.35423803329468,10.4836463928223,0.872384130954742,72.1526641845703,0.737738907337189,-0.0672069266438484,0.921075165271759,0.596380710601807,0.235879942774773,7.5,3.8,11.4
"169","Italy","Italy","2015",5.84768390655518,10.4218978881836,0.908986508846283,72.7275619506836,0.574765741825104,-0.0711995214223862,0.912753045558929,0.691772103309631,0.329209089279175,8,4.5,11.8
"170","Italy","Italy","2016",5.95452404022217,10.4318437576294,0.927212834358215,72.7275619506836,0.623741626739502,-0.0872766226530075,0.902801215648651,0.685422837734222,0.339173585176468,8.2,4.5,12.1
"171","Japan","Japan","2005",6.51581716537476,10.4316453933716,0.927711963653564,73.1474304199219,0.86777925491333,NA,0.698929727077484,0.738980412483215,0.153151050209999,24.9,13.6,36.8
"172","Japan","Japan","2010",6.05675268173218,10.4465074539185,0.901924908161163,73.966682434082,0.771722376346588,-0.154578134417534,0.769557058811188,0.827118337154388,0.18770307302475,24.4,14.1,35.1
"173","Japan","Japan","2015",5.87968444824219,10.485821723938,0.922657191753387,74.8604049682617,0.831694185733795,-0.168520539999008,0.654443085193634,0.768090605735779,0.176408633589745,19.4,11.8,27.4
"174","Japan","Japan","2016",5.95465087890625,10.4938106536865,0.899773836135864,75.0888519287109,0.836064636707306,-0.0756061673164368,0.697639346122742,0.760108590126038,0.192402645945549,18.5,11.4,26
"175","Jordan","Jordan","2005",6.29466009140015,9.15149307250977,0.920012950897217,62.8228378295898,NA,NA,0.669726729393005,0.695953369140625,0.239559561014175,3.1,2.3,3.8
"176","Jordan","Jordan","2010",5.56994247436523,9.25350761413574,0.917988896369934,63.5120697021484,0.788073122501373,-0.0536926537752151,NA,0.643088936805725,0.343418747186661,2.8,2.1,3.5
"177","Jordan","Jordan","2015",5.4045934677124,9.23402404785156,0.830443859100342,64.1766891479492,0.766517043113708,-0.0593535713851452,NA,0.689984202384949,0.305195778608322,2.9,2.2,3.6
"178","Jordan","Jordan","2016",5.27128458023071,9.23994255065918,0.819944739341736,64.3082733154297,0.771350622177124,-0.0529453419148922,NA,0.640657842159271,0.311913371086121,2.9,2.2,3.6
"179","Kazakhstan","Kazakhstan","2010",5.51428651809692,9.94964504241943,0.903786480426788,60.2606163024902,0.784851849079132,-0.232604712247849,0.822703659534454,0.691866517066956,0.148950695991516,32.7,11.2,55.7
"180","Kazakhstan","Kazakhstan","2015",5.94999504089355,10.1004037857056,0.931349277496338,64.2264709472656,0.740132808685303,-0.0551035068929195,0.713844299316406,0.730147421360016,0.17399400472641,24.9,8.4,42.5
"181","Kazakhstan","Kazakhstan","2016",5.53355169296265,10.0865650177002,0.927810668945312,65.2588272094727,0.782805562019348,-0.0533127449452877,0.702016651630402,0.702479124069214,0.15541473031044,22.5,7.6,38.3
"182","Kenya","Kenya","2010",4.255859375,7.83935880661011,0.805326461791992,51.0178070068359,0.635457217693329,0.0364238768815994,0.917921245098114,0.819121718406677,0.123201780021191,3.1,1.2,5
"183","Kenya","Kenya","2015",4.35761785507202,7.97281503677368,0.776923060417175,54.0417098999023,0.792990326881409,0.237847715616226,0.852549850940704,0.702256619930267,0.172422111034393,3.1,1.2,5
"184","Kenya","Kenya","2016",4.39612770080566,8.00462532043457,0.705921590328217,54.5826454162598,0.748508274555206,0.315370440483093,0.82841157913208,0.742762327194214,0.225647658109665,3.2,1.2,5.1
"185","Kuwait","Kuwait","2010",6.79815101623535,11.2076921463013,0.892722308635712,64.614501953125,0.703019738197327,-0.073446623980999,0.486111402511597,0.717979967594147,0.203395992517471,1.9,1.5,2.2
"186","Kuwait","Kuwait","2015",6.14603185653687,11.1141328811646,0.823017776012421,65.1233978271484,0.821662425994873,0.0419120453298092,NA,0.72289365530014,0.323691427707672,2.3,1.8,2.8
"187","Kuwait","Kuwait","2016",5.94719457626343,11.089804649353,0.845222055912018,65.2239532470703,0.840967178344727,-0.113090381026268,NA,0.688287258148193,0.314922988414764,2.3,1.7,2.8
"188","Kyrgyzstan","Kyrgyzstan","2010",4.99641084671021,7.93385791778564,0.885362923145294,61.2652206420898,0.720051169395447,-0.045698244124651,0.925793588161469,0.649521708488464,0.123462550342083,11.3,4.3,18.5
"189","Kyrgyzstan","Kyrgyzstan","2015",4.90537595748901,8.07865047454834,0.856584548950195,62.4166526794434,0.813175857067108,0.224930197000504,0.857725024223328,0.766794443130493,0.173476427793503,8.1,3.3,12.9
"190","Kyrgyzstan","Kyrgyzstan","2016",4.85653400421143,8.09174346923828,0.914375483989716,62.5934638977051,0.813939213752747,0.0819178000092506,0.916922807693481,0.778171241283417,0.126099675893784,8.3,3.5,13.2
"191","Latvia","Latvia","2015",5.88059759140015,10.0269622802734,0.879372417926788,65.3449249267578,0.65639317035675,-0.0835426449775696,0.808400392532349,0.608379602432251,0.22813718020916,21.6,8.2,37.4
"192","Latvia","Latvia","2016",5.94044637680054,10.0529365539551,0.917073965072632,65.5248870849609,0.685299277305603,-0.162657722830772,0.867639601230621,0.653751254081726,0.23138353228569,21.2,7.3,37.6
"193","Lebanon","Lebanon","2005",5.49124526977539,9.41394424438477,0.796278357505798,66.2681045532227,0.703205823898315,NA,0.945177018642426,0.584244310855865,0.292149811983109,3.1,2.3,3.9
"194","Lebanon","Lebanon","2010",5.03189945220947,9.69755363464355,0.721424758434296,67.6763763427734,0.677638709545135,0.0708141773939133,0.949062883853912,0.525078058242798,0.341205537319183,3.2,2.5,3.9
"195","Lebanon","Lebanon","2015",5.17197132110596,9.4816837310791,0.741707742214203,68.665771484375,0.596749782562256,0.0747020021080971,0.888953268527985,0.567873299121857,0.24255396425724,3.3,2.4,4.2
"196","Lebanon","Lebanon","2016",5.27072381973267,9.45685386657715,0.827885925769806,68.8722457885742,0.657357454299927,0.0345261096954346,0.853114485740662,0.552651107311249,0.263445615768433,3.3,2.4,4.2
"197","Lesotho","Lesotho","2016",3.80820488929749,7.85811614990234,0.798059284687042,43.3773956298828,0.729489862918854,-0.093741700053215,0.74287337064743,0.73246556520462,0.270283490419388,21.2,24.4,17.8
"198","Liberia","Liberia","2010",4.19606304168701,6.5480899810791,0.827098727226257,49.8539848327637,0.819005370140076,0.0201851166784763,0.818429529666901,0.595008373260498,0.216883108019829,6.5,6.1,6.8
"199","Liberia","Liberia","2015",2.70159125328064,6.66812229156494,0.637665987014771,51.2857856750488,0.671430885791779,-0.00481340195983648,0.902672648429871,0.505067408084869,0.388488620519638,6.5,6.3,6.7
"200","Liberia","Liberia","2016",3.35467600822449,6.68171882629395,0.642614603042603,51.5491600036621,0.763476014137268,0.0857057124376297,0.901267468929291,0.635527551174164,0.509046673774719,6.8,6.6,7.1
"201","Libya","Libya","2015",5.61540460586548,9.49708366394043,0.86798769235611,61.2476272583008,0.774544954299927,-0.0711947456002235,NA,0.703949928283691,0.36890521645546,4.2,2,6.3
"202","Libya","Libya","2016",5.43358325958252,9.62538242340088,0.876065850257874,61.297492980957,0.822384834289551,-0.129474103450775,NA,0.717785060405731,0.383073747158051,5.2,2.2,8.1
"203","Lithuania","Lithuania","2010",5.06582498550415,9.94184589385986,0.88181060552597,64.3572845458984,0.51935225725174,-0.28140777349472,0.962167203426361,0.473149508237839,0.272029310464859,37.3,12.8,66.1
"204","Lithuania","Lithuania","2015",5.71137809753418,10.1810007095337,0.928523540496826,65.0149993896484,0.641470193862915,-0.261128455400467,0.924174070358276,0.594609677791595,0.276451677083969,34.9,11.9,61.7
"205","Lithuania","Lithuania","2016",5.86555242538452,10.2161130905151,0.937873363494873,65.0599899291992,0.61423933506012,-0.27387472987175,0.949392676353455,0.594167292118073,0.249855741858482,31.9,9.5,58.1
"206","Luxembourg","Luxembourg","2010",7.09725189208984,11.4163131713867,0.952371716499329,70.7985687255859,0.908303081989288,0.0809222012758255,0.423341333866119,0.808782875537872,0.216064393520355,12.9,7.7,18.2
"207","Luxembourg","Luxembourg","2015",6.70157146453857,11.4462795257568,0.933604598045349,72.539680480957,0.932256400585175,0.0366101674735546,0.375390470027924,0.757444560527802,0.193050339818001,14.7,7.9,21.4
"208","Luxembourg","Luxembourg","2016",6.96734094619751,11.4592485427856,0.941260576248169,72.8973236083984,0.882365345954895,0.00384296476840973,0.356336325407028,0.757949769496918,0.192300707101822,13.5,8.3,18.6
"209","Madagascar","Madagascar","2015",3.59251403808594,7.22500371932983,0.6467165350914,56.2867584228516,0.544753611087799,-0.0294595565646887,0.860953390598297,0.801758825778961,0.226243451237679,4,2.2,5.7
"210","Madagascar","Madagascar","2016",3.6630859375,7.23338603973389,0.746496975421906,56.640567779541,0.569645404815674,-0.0574007667601109,0.864171147346497,0.81319135427475,0.204255416989326,3.9,2.2,5.6
"211","Malawi","Malawi","2015",3.86763834953308,7.01480293273926,0.494381636381149,54.2180252075195,0.801390707492828,0.0567406229674816,0.834825396537781,0.632621288299561,0.259763956069946,3.6,1.6,5.7
"212","Malawi","Malawi","2016",3.47649264335632,7.01369524002075,0.524299621582031,55.2821235656738,0.809884130954742,0.0644339025020599,0.82361501455307,0.603104591369629,0.324738919734955,3.7,1.6,5.8
"213","Malaysia","Malaysia","2010",5.58028173446655,9.95711708068848,0.839095771312714,64.1364593505859,0.769190669059753,0.013569769449532,0.843691051006317,0.832447946071625,0.191947668790817,5.1,2.8,7.3
"214","Malaysia","Malaysia","2015",6.32212114334106,10.138876914978,0.817616283893585,64.7516326904297,0.674594461917877,0.202639728784561,0.837892234325409,0.774716198444366,0.313732743263245,5.4,3.1,7.6
"215","Mali","Mali","2010",3.76230502128601,7.48590326309204,0.75092226266861,47.3093109130859,0.749049723148346,-0.0158238522708416,0.810591161251068,0.796525418758392,0.161666169762611,4.8,2.7,7
"216","Mali","Mali","2015",4.58209848403931,7.73425579071045,0.830189168453217,49.210391998291,0.633753538131714,-0.0730601772665977,0.800046741962433,0.708948314189911,0.243003010749817,4.8,2.7,6.9
"217","Mali","Mali","2016",4.01602792739868,7.75687265396118,0.83625453710556,49.5902442932129,0.696007370948792,-0.0752445980906487,0.862326681613922,0.806901335716248,0.305299431085587,4.8,2.7,6.9
"218","Malta","Malta","2010",5.77387475967407,10.2366161346436,0.908321499824524,71.3484802246094,0.80204439163208,0.276781558990479,NA,0.696919560432434,0.375302672386169,8,2.5,13.6
"219","Malta","Malta","2015",6.61339426040649,NA,0.918764889240265,71.6542053222656,0.912178039550781,NA,0.663886308670044,0.679821252822876,0.355040580034256,8,3.3,12.6
"220","Malta","Malta","2016",6.59084224700928,NA,0.93036937713623,71.6542053222656,0.9160236120224,NA,0.69649463891983,0.687271595001221,0.355443775653839,7.5,2.8,12.1
"221","Mauritania","Mauritania","2010",4.7723069190979,8.11184787750244,0.856507837772369,52.1639213562012,0.66893059015274,0.0770433098077774,0.727364480495453,0.7779940366745,0.128675624728203,3.9,1.9,5.8
"222","Mauritania","Mauritania","2015",3.92266416549683,8.23169040679932,0.874945938587189,53.1938819885254,0.447086572647095,0.073245033621788,0.715358436107635,0.819522082805634,0.193899720907211,4.3,2.1,6.4
"223","Mauritania","Mauritania","2016",4.47214937210083,8.24914169311523,0.784826874732971,53.3738098144531,0.46656146645546,-0.159601271152496,0.841835141181946,0.734556078910828,0.221666142344475,4.4,2.2,6.6
"224","Mauritius","Mauritius","2016",5.61000347137451,9.85208892822266,0.836032152175903,65.4822540283203,0.819175660610199,0.129273995757103,0.890661358833313,0.784898281097412,0.245711892843246,7.8,2.4,13.3
"225","Mexico","Mexico","2005",6.58065795898438,9.62215614318848,0.902807652950287,66.3671112060547,0.813745498657227,NA,0.76424902677536,0.819803297519684,0.218942865729332,4.3,1.5,7.1
"226","Mexico","Mexico","2010",6.8023886680603,9.63983917236328,0.876389682292938,67.0236053466797,0.778120756149292,-0.052419226616621,0.692891895771027,0.840059161186218,0.215494677424431,4.6,1.9,7.4
"227","Mexico","Mexico","2015",6.23628711700439,9.71123313903809,0.760614275932312,67.8031616210938,0.719465970993042,-0.155729979276657,0.707971930503845,0.744821310043335,0.237188041210175,5.6,2.4,8.8
"228","Mexico","Mexico","2016",6.82417297363281,9.72458171844482,0.893492579460144,67.9699478149414,0.751613080501556,-0.156936705112457,0.808579444885254,0.859106421470642,0.219571486115456,5.1,2.3,8
"229","Mongolia","Mongolia","2010",4.58552360534668,8.95008945465088,0.904177844524384,60.5407447814941,0.630966603755951,0.0875385701656342,0.927568316459656,0.71242493391037,0.150025174021721,16.6,4.9,28.5
"230","Mongolia","Mongolia","2015",4.98271989822388,9.34756946563721,0.905524373054504,62.5665702819824,0.685510754585266,0.157775461673737,0.900218188762665,0.65278571844101,0.207652658224106,13.1,3.7,22.8
"231","Mongolia","Mongolia","2016",5.05699968338013,9.33759021759033,0.947489380836487,62.9266548156738,0.759740948677063,0.0746712982654572,0.900452136993408,0.694095432758331,0.171171754598618,13,3.5,22.6
"232","Montenegro","Montenegro","2010",5.45503044128418,9.53136825561523,0.804549336433411,65.1709136962891,0.552103698253632,-0.206320732831955,0.757207214832306,0.594659030437469,0.410302102565765,10.4,5.7,15.2
"233","Montenegro","Montenegro","2015",5.1249213218689,9.61650466918945,0.739630520343781,66.3397445678711,0.583317339420319,-0.144615232944489,0.781232595443726,0.580314159393311,0.337239444255829,10,5.2,14.9
"234","Montenegro","Montenegro","2016",5.30406618118286,9.65193939208984,0.865743696689606,66.5225601196289,0.568633675575256,-0.0887708589434624,0.848966598510742,0.591425180435181,0.336675465106964,10.3,5.3,15.4
"235","Morocco","Morocco","2010",4.38324737548828,8.7790355682373,NA,62.3548240661621,0.662900388240814,-0.173088937997818,0.900453090667725,NA,NA,3.7,4.7,2.7
"236","Morocco","Morocco","2015",5.16315698623657,8.90393161773682,0.605917632579803,63.8550987243652,0.712933421134949,-0.239242434501648,0.841856956481934,0.661078333854675,0.261803716421127,2.9,3.6,2.3
"237","Morocco","Morocco","2016",5.38630723953247,8.90747356414795,0.655409336090088,64.1189041137695,0.816556096076965,-0.249510630965233,0.717356145381927,0.712659358978271,0.205413147807121,2.9,3.4,2.3
"238","Mozambique","Mozambique","2015",4.54976749420166,7.0174994468689,0.665858209133148,47.046558380127,0.813229262828827,0.101913444697857,0.631573498249054,0.564460635185242,0.339584350585938,4.9,2.6,7.4
"239","Myanmar","Myanmar","2015",4.22384643554688,NA,0.752064287662506,57.0532073974609,0.807971060276031,NA,0.633305191993713,0.865906059741974,0.271750777959824,7.6,9.3,5.8
"240","Myanmar","Myanmar","2016",4.62311983108521,NA,0.793461978435516,57.2291793823242,0.877491176128387,NA,0.60728657245636,0.804009914398193,0.301501393318176,7.8,9.5,5.9
"241","Nepal","Nepal","2010",4.34967517852783,7.59933090209961,0.779038071632385,58.9752616882324,0.519062638282776,0.103623531758785,0.910801887512207,0.672458350658417,0.22597299516201,10.5,10.2,10.7
"242","Nepal","Nepal","2015",4.81243658065796,7.74647045135498,0.747611880302429,60.7243309020996,0.763447225093842,0.242930009961128,0.823508381843567,0.54305762052536,0.358234375715256,9.1,8.3,10
"243","Nepal","Nepal","2016",5.0995397567749,7.74042081832886,0.837043642997742,61.0563659667969,0.839488446712494,0.18408565223217,0.817114889621735,0.62735116481781,0.369661748409271,8.8,7.9,9.7
"244","Netherlands","Netherlands","2005",7.46397924423218,10.6876420974731,0.947357952594757,69.5504989624023,0.901007771492004,NA,0.57134222984314,0.869353353977203,0.232794716954231,9.9,6.4,13.5
"245","Netherlands","Netherlands","2010",7.50187587738037,10.732967376709,0.956536889076233,70.7391738891602,0.921448230743408,0.336217671632767,0.398591846227646,0.853233814239502,0.206079304218292,10,6,14
"246","Netherlands","Netherlands","2015",7.32443714141846,10.7445020675659,0.879010438919067,71.2672424316406,0.903978765010834,0.248691707849503,0.411822110414505,0.834133684635162,0.202128633856773,12.5,9,16
"247","Netherlands","Netherlands","2016",7.54087734222412,10.7571506500244,0.925944209098816,71.2672424316406,0.907310009002686,0.226082265377045,0.433304250240326,0.838432371616364,0.2148507386446,12.6,9,16.2
"248","New Zealand","New Zealand","2010",7.22375631332397,10.3772430419922,0.975642204284668,70.8606796264648,0.917752504348755,0.244655609130859,0.320748180150986,0.847234189510345,0.234758481383324,13,7.5,18.6
"249","New Zealand","New Zealand","2015",7.41812086105347,10.4562902450562,0.987343490123749,71.4753112792969,0.941784262657166,0.31978052854538,0.185888707637787,0.8336421251297,0.159829989075661,12.1,6.6,17.9
"250","New Zealand","New Zealand","2016",7.22568798065186,10.4676265716553,0.936602890491486,71.4731674194336,0.926576018333435,0.25616130232811,0.278270781040192,0.832944691181183,0.207413628697395,12.1,6.6,17.9
"251","Nicaragua","Nicaragua","2010",5.68669939041138,8.30008792877197,0.863151550292969,64.510009765625,0.791773319244385,0.0230803042650223,0.801728904247284,0.805376172065735,0.268023371696472,12.5,5.9,19.3
"252","Nicaragua","Nicaragua","2015",5.92411279678345,8.49375057220459,0.826908528804779,65.845947265625,0.809259176254272,0.0810170024633408,0.727998375892639,0.796684980392456,0.345594644546509,12.2,5.4,19.3
"253","Nicaragua","Nicaragua","2016",6.01273965835571,8.52622699737549,0.852702438831329,66.1049194335938,0.71653425693512,0.0429624505341053,0.731464922428131,0.80512398481369,0.380347281694412,12.2,5.3,19.3
"254","Niger","Niger","2010",4.1010160446167,6.71009874343872,0.654964983463287,49.3720359802246,0.817219734191895,7.74428735894617e-06,0.528980314731598,0.745479941368103,0.125837802886963,4.9,3.6,6.1
"255","Niger","Niger","2015",3.67145371437073,6.7994966506958,0.713019609451294,52.6176528930664,0.72812831401825,-0.00970025546848774,0.702549695968628,0.681872665882111,0.218422576785088,4.7,3.3,6
"256","Niger","Niger","2016",4.23464584350586,6.81211471557617,0.68282824754715,53.1518402099609,0.701927304267883,0.00690082460641861,0.814493894577026,0.674858927726746,0.325441956520081,4.6,3.3,5.9
"257","Nigeria","Nigeria","2010",4.76027584075928,8.54145908355713,0.823823034763336,43.7251396179199,0.565351068973541,0.0572507567703724,0.910719037055969,0.782049536705017,0.190343409776688,10,10.9,9
"258","Nigeria","Nigeria","2015",4.93291473388672,8.63744163513184,0.811647653579712,45.204704284668,0.680470287799835,-0.0442901514470577,0.926109254360199,0.716891884803772,0.251189559698105,9.6,9.5,9.7
"259","Nigeria","Nigeria","2016",5.21956777572632,8.61910247802734,0.804766952991486,45.4705848693848,0.797690510749817,0.032563466578722,0.904706835746765,0.731986105442047,0.25183629989624,9.5,9.2,9.9
"260","Norway","Norway","2015",7.60343360900879,11.0736532211304,0.946833968162537,70.7845916748047,0.947620511054993,0.229046151041985,0.298814356327057,0.8428875207901,0.20940987765789,12.4,9.1,15.6
"261","Norway","Norway","2016",7.59633159637451,11.0685720443726,0.959742844104767,70.7845916748047,0.95435231924057,0.105538845062256,0.409666121006012,0.849625945091248,0.209262192249298,12.2,8.4,15.9
"262","Pakistan","Pakistan","2005",5.22465753555298,8.30100250244141,0.590945720672607,55.0330390930176,0.629995882511139,NA,0.844436168670654,NA,0.237265706062317,3.5,4.1,3
"263","Pakistan","Pakistan","2010",5.7861328125,8.36558246612549,0.571315944194794,56.1400527954102,0.364205926656723,0.28821325302124,0.851655900478363,0.650707900524139,0.371941417455673,3.1,3.4,2.8
"264","Pakistan","Pakistan","2015",4.82319498062134,8.46481513977051,0.561720132827759,57.2087821960449,0.586546242237091,0.0719209089875221,0.716641187667847,0.575255274772644,0.328646719455719,2.9,3.1,2.8
"265","Pakistan","Pakistan","2016",5.54850816726685,8.48855972290039,0.62692129611969,57.3980445861816,0.634182810783386,0.0818398371338844,0.792530059814453,0.647639751434326,0.331616669893265,2.9,3,2.7
"266","Panama","Panama","2010",7.32146739959717,9.64963245391846,0.927533090114594,66.88134765625,0.754523694515228,-0.000425955920945853,0.879825830459595,0.887584686279297,0.146368756890297,5.1,1.5,8.6
"267","Panama","Panama","2015",6.60555028915405,9.94680309295654,0.882615029811859,67.6709365844727,0.84666919708252,-0.00174654368311167,0.809942901134491,0.800633788108826,0.263825863599777,3.9,1.3,6.5
"268","Panama","Panama","2016",6.1176381111145,9.99010276794434,0.882460236549377,67.8240127563477,0.884479761123657,-0.0984188392758369,0.836976766586304,0.85762357711792,0.244131788611412,4.3,1.2,7.4
"269","Paraguay","Paraguay","2010",5.84117412567139,8.89419174194336,0.889152765274048,62.6611213684082,0.726262390613556,0.0925480499863625,0.779914617538452,0.855230331420898,0.175859466195107,9.3,6.3,12.2
"270","Paraguay","Paraguay","2015",5.5597243309021,9.06458473205566,0.91419905424118,63.3050117492676,0.806124746799469,0.00428140675649047,0.862888276576996,0.866218388080597,0.218508467078209,9.9,6.6,13
"271","Paraguay","Paraguay","2016",5.8013801574707,9.08131790161133,0.939866960048676,63.4112091064453,0.853534281253815,-0.0583680793642998,0.756116271018982,0.924560964107513,0.197176188230515,9.5,6.5,12.4
"272","Peru","Peru","2010",5.61278533935547,9.19809818267822,0.811914384365082,64.0761947631836,0.756706416606903,-0.0704908072948456,0.88059413433075,0.799534499645233,0.330243468284607,4.6,2.5,6.7
"273","Peru","Peru","2015",5.57726335525513,9.36496067047119,0.798418343067169,65.0571899414062,0.802269041538239,-0.0999734401702881,0.883730411529541,0.753555536270142,0.378304660320282,4.9,2.7,7.2
"274","Peru","Peru","2016",5.70062875747681,9.38645839691162,0.8028564453125,65.2674865722656,0.829843878746033,-0.144014328718185,0.865919589996338,0.821674764156342,0.338006854057312,4.9,2.7,7.2
"275","Philippines","Philippines","2010",4.94151401519775,8.63732147216797,0.804861128330231,58.9420127868652,0.893350541591644,0.0291861314326525,0.812448382377625,0.875528872013092,0.293918311595917,3.3,1.9,4.7
"276","Philippines","Philippines","2015",5.54748916625977,8.84296894073486,0.853588581085205,59.4780044555664,0.91153359413147,-0.056230615824461,0.755191564559937,0.805238485336304,0.350587666034698,3.2,2,4.5
"277","Philippines","Philippines","2016",5.430832862854,8.89052677154541,0.821298718452454,59.5945892333984,0.907595753669739,-0.0761986896395683,0.791962206363678,0.820969462394714,0.290232717990875,3.2,2,4.3
"278","Poland","Poland","2005",5.58720922470093,9.74020385742188,0.921527624130249,65.2554931640625,0.782473146915436,NA,0.982930898666382,0.715110957622528,0.282439231872559,17.7,5.2,31.1
"279","Poland","Poland","2010",5.88702964782715,9.97382640838623,0.955065310001373,66.3442230224609,0.794900476932526,-0.00743280770257115,0.904697299003601,0.736897647380829,0.234237015247345,18.6,4.8,33.4
"280","Poland","Poland","2015",6.0070219039917,10.1200456619263,0.893090426921844,67.4414291381836,0.793462157249451,-0.102856710553169,0.810096323490143,0.734382569789886,0.240432038903236,15.8,4.1,28.4
"281","Poland","Poland","2016",6.16207647323608,10.1500015258789,0.917398810386658,67.6621475219727,0.870707511901855,-0.100947499275208,0.847753942012787,0.776624619960785,0.223536044359207,16.2,4.3,28.9
"282","Portugal","Portugal","2010",5.0945258140564,10.2180519104004,0.863906741142273,69.2704315185547,0.721036374568939,-0.114036880433559,0.947879433631897,0.741612136363983,0.265107363462448,13.5,6.6,21.1
"283","Portugal","Portugal","2015",5.08086633682251,10.1920471191406,0.866213858127594,70.7562789916992,0.800440311431885,-0.170649901032448,0.94105076789856,0.657176315784454,0.370736867189407,13.8,6.4,22
"284","Portugal","Portugal","2016",5.44663715362549,10.2086029052734,0.904635369777679,70.7562789916992,0.838069319725037,-0.232479244470596,0.922192394733429,0.683566212654114,0.326252728700638,14,6.5,22.2
"285","Qatar","Qatar","2010",6.8496527671814,11.7572088241577,NA,66.9890518188477,NA,0.0568297244608402,NA,NA,NA,6.1,0.9,7.7
"286","Qatar","Qatar","2015",6.37452936172485,11.8154096603394,NA,67.8064346313477,NA,NA,NA,NA,NA,6.5,0.9,8.3
"287","Romania","Romania","2005",5.04864835739136,9.566237449646,0.837685465812683,64.1082077026367,0.80012059211731,NA,0.956884562969208,0.642015933990479,0.345686912536621,12.5,4.4,20.9
"288","Romania","Romania","2010",4.90916585922241,9.76162338256836,0.689065635204315,65.5170745849609,0.565536737442017,-0.0892096161842346,0.973686337471008,0.596489191055298,0.344478219747543,14,4.8,23.9
"289","Romania","Romania","2015",5.77749109268188,9.89975738525391,0.7869673371315,66.9484481811523,0.795847713947296,-0.144620791077614,0.961650967597961,0.714146494865417,0.311574161052704,11.6,3.5,20.3
"290","Romania","Romania","2016",5.96887063980103,9.94267082214355,0.80922919511795,66.9484481811523,0.821720600128174,-0.118267215788364,0.949044525623322,0.694415330886841,0.257763504981995,10.4,3.3,17.9
"291","Rwanda","Rwanda","2015",3.48310899734497,7.41166210174561,0.678143560886383,54.6077995300293,0.907892346382141,0.0359657742083073,0.0946044698357582,0.721182584762573,0.206402763724327,6.8,3.9,9.7
"292","Rwanda","Rwanda","2016",3.33298993110657,7.45522928237915,0.665130913257599,55.0908088684082,0.910736382007599,0.0349590517580509,0.158601388335228,0.752310693264008,0.285384237766266,6.7,3.8,9.7
"293","Saudi Arabia","Saudi Arabia","2005",7.07964420318604,10.5663232803345,0.867819488048553,62.5855941772461,NA,NA,0.505149066448212,0.729597866535187,0.242553025484085,3,1.2,4.4
"294","Saudi Arabia","Saudi Arabia","2010",6.30709838867188,10.6975383758545,0.879598319530487,63.0342712402344,0.677777230739594,-0.0552195571362972,NA,0.645089089870453,0.297208935022354,3.4,1.4,5
"295","Saudi Arabia","Saudi Arabia","2015",6.34549188613892,10.8254413604736,0.819749712944031,63.7143745422363,0.820207238197327,-0.0699363872408867,NA,0.72360771894455,0.327139377593994,3.2,1.5,4.4
"296","Saudi Arabia","Saudi Arabia","2016",6.47392129898071,10.8228693008423,0.889932334423065,63.8508605957031,0.774267733097076,-0.157678082585335,NA,0.792998552322388,0.266292661428452,3.2,1.5,4.5
"297","Senegal","Senegal","2010",4.37215614318848,7.69037389755249,0.760294079780579,55.0124092102051,0.777262628078461,-0.0616008788347244,0.850534856319427,0.768812119960785,0.142737701535225,6.9,3.6,10.4
"298","Senegal","Senegal","2015",4.61700057983398,7.73528861999512,0.701534509658813,57.4633255004883,0.719533264636993,-0.093374565243721,0.765490174293518,0.711035072803497,0.207667633891106,6.2,3,9.6
"299","Senegal","Senegal","2016",4.59453392028809,7.76975059509277,0.838994383811951,57.8877105712891,0.743729650974274,-0.0681760683655739,0.794353723526001,0.783817946910858,0.244851768016815,6,2.9,9.3
"300","Serbia","Serbia","2010",4.46130418777466,9.41740703582764,0.72556334733963,64.4250411987305,0.462647259235382,-0.171669900417328,0.965472459793091,0.532202303409576,0.415409207344055,15.9,8.2,23.9
"301","Serbia","Serbia","2015",5.3176851272583,9.46211624145508,0.816251039505005,65.7652053833008,0.545892000198364,-0.0620259456336498,0.859358012676239,0.496241003274918,0.30254402756691,15,8.1,22.3
"302","Serbia","Serbia","2016",5.75275468826294,9.48439979553223,0.894894957542419,66.0674819946289,0.614370822906494,-0.0668443143367767,0.889765202999115,0.534827053546906,0.298126608133316,15.6,8.1,23.5
"303","Sierra Leone","Sierra Leone","2010",4.13395595550537,7.21675252914429,0.811872959136963,40.889762878418,0.726268827915192,0.0175412632524967,0.910440623760223,0.513531804084778,0.290469229221344,9.2,7.7,10.8
"304","Sierra Leone","Sierra Leone","2015",4.90861797332764,7.31118106842041,0.610593736171722,43.573543548584,0.624296128749847,0.0552675314247608,0.824828028678894,0.625105619430542,0.414426445960999,9.3,7.9,10.8
"305","Sierra Leone","Sierra Leone","2016",4.73295307159424,7.35322999954224,0.656723499298096,44.0107345581055,0.681202113628387,0.110239766538143,0.863264858722687,0.583939135074615,0.456180691719055,9.7,8.1,11.3
"306","Singapore","Singapore","2010",6.53140163421631,11.1846704483032,0.864162147045135,74.6644744873047,0.846184611320496,-0.0379338078200817,0.0602820664644241,0.602475941181183,0.131343439221382,10,7,13
"307","Singapore","Singapore","2015",6.61952495574951,11.2921733856201,0.866436660289764,76.0424346923828,0.886890888214111,0.130852431058884,0.0989438816905022,0.803123772144318,0.141585171222687,9,6.1,12.1
"308","Singapore","Singapore","2016",6.03348064422607,11.3000040054321,0.925128221511841,76.4086990356445,0.903735637664795,0.124826394021511,0.0473111532628536,0.823988735675812,0.110942468047142,9.9,6.1,13.8
"309","Slovakia","Slovakia","2010",6.05222320556641,10.1065731048584,0.919640004634857,66.2173309326172,0.635757684707642,-0.114709123969078,0.907136023044586,0.666457951068878,0.277206748723984,13.9,3.9,24.4
"310","Slovakia","Slovakia","2015",6.1620044708252,10.2180862426758,0.943453669548035,67.8966293334961,0.587157666683197,-0.141457423567772,0.927545130252838,0.71370792388916,0.269246429204941,12.8,3.5,22.6
"311","Slovakia","Slovakia","2016",5.99316310882568,10.2473411560059,0.945179104804993,68.1632537841797,0.700098514556885,-0.075128972530365,0.916609168052673,0.774416089057922,0.232091575860977,12.8,3.5,22.7
"312","Slovenia","Slovenia","2010",6.08255529403687,10.253737449646,0.917203366756439,69.4942092895508,0.89552241563797,0.0220269188284874,0.844790697097778,0.670813679695129,0.295366138219833,20.7,7.6,34
"313","Slovenia","Slovenia","2015",5.74064207077026,10.2730445861816,0.901163756847382,70.62744140625,0.896007299423218,3.91624962503556e-05,0.892197906970978,0.659085035324097,0.261418730020523,21,8.9,33.3
"314","Slovenia","Slovenia","2016",5.93682146072388,10.2873563766479,0.934487342834473,70.8003082275391,0.90355110168457,-0.0614833123981953,0.83847439289093,0.626205563545227,0.271624177694321,18.6,6.9,30.4
"315","Somalia","Somalia","2015",5.35364484786987,NA,0.599281072616577,47.281063079834,0.967869281768799,NA,0.41023576259613,0.900667667388916,0.186736151576042,4.7,3.1,6.3
"316","Somalia","Somalia","2016",4.66794109344482,NA,0.594416558742523,47.5627632141113,0.917322814464569,NA,0.440801739692688,0.891423165798187,0.193282231688499,4.7,3.1,6.3
"317","South Africa","South Africa","2010",4.65242862701416,9.40027236938477,0.917056024074554,47.0157356262207,0.738905966281891,-0.212995961308479,0.790628910064697,0.793740093708038,0.123753376305103,12.2,5.4,19.2
"318","South Africa","South Africa","2015",4.88732576370239,9.42464160919189,0.898096263408661,49.8137359619141,0.862449407577515,-0.137540578842163,0.852694749832153,0.780759215354919,0.160787656903267,11.8,4.8,19
"319","South Africa","South Africa","2016",4.76973962783813,9.41535377502441,0.875389754772186,50.1988639831543,0.774136424064636,-0.0807230398058891,0.812858998775482,0.785723626613617,0.301327764987946,11.6,4.7,18.7
"320","South Sudan","South Sudan","2015",4.07077121734619,7.46227121353149,0.584781348705292,48.9979972839355,0.511631011962891,0.125239104032516,0.709605932235718,0.586278080940247,0.449795097112656,3.7,2.6,4.7
"321","South Sudan","South Sudan","2016",2.88811230659485,7.46128559112549,0.532151818275452,49.4006004333496,0.439919024705887,0.0202087368816137,0.785317778587341,0.614770650863647,0.549256920814514,3.7,2.6,4.9
"322","Spain","Spain","2005",7.15278577804565,10.4156217575073,0.961042881011963,71.3715057373047,0.916164696216583,NA,0.777272284030914,0.775784313678741,0.240642577409744,8.1,4.2,12.2
"323","Spain","Spain","2010",6.18826246261597,10.403525352478,0.949940383434296,72.6677856445312,0.79649555683136,-0.149145647883415,0.839746296405792,0.724312365055084,0.321819484233856,7,3.2,10.9
"324","Spain","Spain","2015",6.38066339492798,10.398624420166,0.956471860408783,73.9597244262695,0.732000470161438,-0.0829912722110748,0.821664929389954,0.732269406318665,0.284693688154221,8.1,4.3,12
"325","Spain","Spain","2016",6.31861209869385,10.4278001785278,0.941736817359924,73.9597244262695,0.76817375421524,-0.0589651986956596,0.818558573722839,0.652816116809845,0.300829350948334,8.7,4.5,13.1
"326","Sri Lanka","Sri Lanka","2010",3.97690510749817,9.0552806854248,0.814367234706879,64.4273452758789,0.738208532333374,0.252716809511185,0.769477903842926,0.822604775428772,0.163471773266792,19.1,8.3,30.4
"327","Sri Lanka","Sri Lanka","2015",4.61160659790039,9.30997467041016,0.862500071525574,64.9443435668945,0.902074754238129,0.312185436487198,0.859470963478088,0.848232924938202,0.234751269221306,14.8,6.2,24
"328","Sudan","Sudan","2010",4.43515968322754,8.08358478546143,0.854824423789978,52.1945571899414,0.648155331611633,-0.0439009070396423,0.736897170543671,0.6685830950737,0.220789164304733,8,4,11.9
"329","Sweden","Sweden","2005",7.37631559371948,10.625807762146,0.951469898223877,70.7236175537109,0.964395403862,NA,NA,0.839870154857635,0.150766104459763,16.4,11.2,21.6
"330","Sweden","Sweden","2010",7.49601888656616,10.6665706634521,0.970242619514465,71.5181427001953,0.904699981212616,0.128150090575218,0.253086656332016,0.833033263683319,0.200112029910088,15.3,9.5,21
"331","Sweden","Sweden","2015",7.28892230987549,10.7209844589233,0.929459989070892,71.9614486694336,0.935072064399719,0.198202982544899,0.231964141130447,0.817941963672638,0.190991774201393,15.7,10.5,20.9
"332","Sweden","Sweden","2016",7.36874437332153,10.7443037033081,0.912060678005219,71.9614486694336,0.91803640127182,0.131494104862213,0.246182441711426,0.815695106983185,0.200606912374496,14.8,10.5,19.1
"333","Switzerland","Switzerland","2015",7.57213687896729,10.917121887207,0.938333749771118,72.9120483398438,0.927802443504333,0.0981304720044136,0.209533512592316,0.808529078960419,0.165759071707726,17.1,12.3,22
"334","Switzerland","Switzerland","2016",7.45851993560791,10.9175109863281,0.9276282787323,72.9570999145508,0.933947086334229,0.078058235347271,0.301562964916229,0.779470801353455,0.206316724419594,17.2,12.4,22
"335","Tajikistan","Tajikistan","2010",4.38063621520996,7.6605806350708,0.759163022041321,60.4971084594727,0.784495890140533,0.0660037621855736,0.678527772426605,0.64268296957016,0.191733032464981,2.5,1.3,3.6
"336","Tajikistan","Tajikistan","2015",5.12421083450317,7.8694748878479,0.843932509422302,61.5845108032227,0.846542119979858,0.0256659518927336,0.741689622402191,0.688921749591827,0.195661336183548,2.5,1.3,3.7
"337","Tajikistan","Tajikistan","2016",5.10372114181519,7.88689947128296,0.856656968593597,61.7590446472168,0.7030268907547,0.0149014983326197,0.631887853145599,0.644484639167786,0.219799667596817,2.5,1.3,3.7
"338","Tanzania","Tanzania","2010",3.22912907600403,7.65500926971436,0.812531769275665,52.5333061218262,0.59712165594101,0.13510525226593,0.866263866424561,0.716566979885101,0.146118715405464,5.3,3.1,7.5
"339","Tanzania","Tanzania","2015",3.66059732437134,7.82813167572021,0.790262579917908,55.9178810119629,0.758684694766998,0.142623782157898,0.90642261505127,0.619376838207245,0.191747963428497,5.4,3.2,7.6
"340","Tanzania","Tanzania","2016",2.90273427963257,7.86735105514526,0.637755930423737,56.473747253418,0.775484919548035,0.172227069735527,0.739247262477875,0.693552374839783,0.245985954999924,5.4,3.2,7.7
"341","Thailand","Thailand","2010",6.21670293807983,9.51666355133057,0.897651255130768,64.8510437011719,0.859636425971985,0.526509821414948,0.916693389415741,0.901267945766449,0.18152317404747,14.3,6.4,22.6
"342","Thailand","Thailand","2015",6.20176267623901,9.63856792449951,0.866324543952942,65.6454696655273,0.884916543960571,0.305676370859146,0.91365110874176,0.910496950149536,0.174081355333328,14.6,5.9,23.6
"343","Thailand","Thailand","2016",6.07363986968994,9.65987300872803,0.907543659210205,65.7995529174805,0.924145698547363,0.345912843942642,0.877978384494781,0.834758341312408,0.217879667878151,14.4,5.9,23.4
"344","Togo","Togo","2015",3.76830196380615,7.22536563873291,0.478593409061432,51.8786582946777,0.77157723903656,-0.0620954968035221,0.73326176404953,0.598804950714111,0.41578072309494,9.4,6.2,12.5
"345","Togo","Togo","2016",3.87857842445374,7.25455856323242,0.509440958499908,52.3298988342285,0.730286777019501,-0.000580560590606183,0.815044164657593,0.60424417257309,0.482885897159576,9.6,6.4,12.8
"346","Tunisia","Tunisia","2010",5.13052082061768,9.2665843963623,0.863187670707703,64.7863311767578,0.623592853546143,-0.15027391910553,0.732379257678986,0.724581182003021,0.248912811279297,3.6,2.3,5
"347","Tunisia","Tunisia","2015",5.13161182403564,9.28043937683105,0.609470009803772,64.474967956543,0.711373388767242,-0.239413648843765,0.814824998378754,0.572955548763275,0.31954225897789,3.4,2.3,4.5
"348","Tunisia","Tunisia","2016",4.52145338058472,9.28829574584961,0.701822102069855,64.5618133544922,0.614438354969025,-0.178914189338684,0.810745656490326,0.612341105937958,0.378108263015747,3.4,2.3,4.4
"349","Turkey","Turkey","2005",4.71873378753662,9.62571334838867,0.819936394691467,62.7883720397949,0.623114943504333,NA,0.876998603343964,0.556581377983093,NA,7.6,3.2,12.2
"350","Turkey","Turkey","2010",5.49034738540649,9.71921348571777,0.794905483722687,64.2121353149414,0.514920353889465,-0.189062774181366,0.81089574098587,0.651792585849762,0.327065974473953,8.4,3.8,13.1
"351","Turkey","Turkey","2015",5.51446533203125,9.85001468658447,0.851224601268768,65.3694763183594,0.653196752071381,NA,0.806076228618622,0.46024551987648,0.382290989160538,7.3,3.4,11.4
"352","Turkey","Turkey","2016",5.32622194290161,9.87383937835693,0.879994630813599,65.5972366333008,0.644146740436554,NA,0.763706564903259,0.465150654315948,0.389962941408157,7.3,3.3,11.4
"353","Turkmenistan","Turkmenistan","2015",5.79146003723145,9.65036201477051,0.960158467292786,58.4360122680664,0.701358377933502,0.0653879940509796,NA,0.705347836017609,0.301038891077042,7.2,3.6,10.8
"354","Turkmenistan","Turkmenistan","2016",5.88705158233643,9.687180519104,0.929032266139984,58.5622100830078,0.748504400253296,-0.0225980821996927,NA,0.636388659477234,0.255499243736267,6.7,3.5,10.1
"355","Uganda","Uganda","2010",4.19288206100464,7.34826803207397,0.830155491828918,47.9999351501465,0.800667285919189,0.000144429664942436,0.854991912841797,0.647654116153717,0.251241981983185,10.5,10.4,10.6
"356","Uganda","Uganda","2015",4.23768663406372,7.44881677627563,0.746633112430573,50.8612670898438,0.757835328578949,0.149010837078094,0.872740387916565,0.702905416488647,0.352847546339035,9.9,9.3,10.6
"357","Uganda","Uganda","2016",4.23326110839844,7.46532726287842,0.753540217876434,51.4619293212891,0.739409744739532,0.145141839981079,0.811069786548615,0.667976140975952,0.410066664218903,9.9,9.1,10.7
"358","Ukraine","Ukraine","2010",5.05756139755249,8.96753597259521,0.883555114269257,62.3481407165527,0.483833193778992,-0.169379979372025,0.953752279281616,0.512682855129242,0.22720043361187,27.1,8.4,48.9
"359","Ukraine","Ukraine","2015",3.96454286575317,8.91593837738037,0.909439742565155,63.189582824707,0.430592030286789,-0.0134229976683855,0.952472746372223,0.574076056480408,0.241075858473778,23.1,6.8,42
"360","Ukraine","Ukraine","2016",4.02869033813477,8.92947673797607,0.884961366653442,63.2136039733887,0.502541899681091,0.0312925688922405,0.891075134277344,0.588721692562103,0.219624251127243,22.4,6.3,41.1
"361","Uruguay","Uruguay","2010",6.06201076507568,9.74580478668213,0.893039762973785,67.4653701782227,0.832241356372833,-0.170824900269508,0.471376240253448,0.806706964969635,0.231179177761078,16.6,7.5,26.3
"362","Uruguay","Uruguay","2015",6.62808036804199,9.90109729766846,0.891493499279022,68.1201934814453,0.916879653930664,-0.0465119443833828,0.673475682735443,0.892660975456238,0.299538105726242,19.4,8.2,31.4
"363","Uruguay","Uruguay","2016",6.17148542404175,9.9049243927002,0.900380909442902,68.2526168823242,0.886371910572052,-0.0855473428964615,0.676212787628174,0.84154886007309,0.283180266618729,18.4,8.3,29.2
"364","Uzbekistan","Uzbekistan","2010",5.09534215927124,8.33929634094238,0.903226435184479,59.9933204650879,NA,-0.0277356207370758,0.518720209598541,0.775874078273773,0.151882708072662,6,3.6,8.3
"365","Uzbekistan","Uzbekistan","2015",5.97236442565918,8.63813972473145,0.968225240707397,60.5191192626953,0.979937136173248,0.372724175453186,0.470916926860809,0.83998054265976,0.103493794798851,7.4,4.8,10
"366","Uzbekistan","Uzbekistan","2016",5.89253902435303,8.69204521179199,0.945102155208588,60.6225738525391,0.983803033828735,0.204992726445198,NA,0.841676294803619,0.146897658705711,7.4,4.8,9.9
"367","Yemen","Yemen","2010",4.35031270980835,8.38363933563232,0.726612389087677,52.9611167907715,0.659283995628357,-0.104865424335003,0.853403210639954,0.58242666721344,0.308332771062851,8.8,5.7,11.8
"368","Yemen","Yemen","2015",2.98267388343811,7.84326028823853,0.668683469295502,54.0446166992188,0.609980762004852,-0.139964088797569,0.8290975689888,0.507435262203217,0.321357071399689,8.6,5.7,11.4
"369","Yemen","Yemen","2016",3.82563090324402,NA,0.775407016277313,54.2426300048828,0.532964050769806,NA,NA,0.469345390796661,0.227924525737762,8.5,5.6,11.3
"370","Zambia","Zambia","2015",4.84316444396973,8.19583225250244,0.691483497619629,52.2543601989746,0.75865364074707,-0.0466484799981117,0.871019542217255,0.690033793449402,0.381731301546097,6.1,3.5,8.7
"371","Zambia","Zambia","2016",4.34754371643066,8.19863319396973,0.767046630382538,52.8893241882324,0.811574518680573,0.114802308380604,0.770643591880798,0.730679512023926,0.372240722179413,6.1,3.5,8.8
"372","Zimbabwe","Zimbabwe","2010",4.68156957626343,7.23632001876831,0.856637835502625,41.8820381164551,0.664718210697174,-0.0548595860600471,0.828360795974731,0.747702121734619,0.122149914503098,11.9,6.1,18.1
"373","Zimbabwe","Zimbabwe","2015",3.70319128036499,7.43128538131714,0.735800325870514,50.1520347595215,0.667193293571472,-0.0817435830831528,0.810457348823547,0.715078771114349,0.17886109650135,10.6,6,15.5
"374","Zimbabwe","Zimbabwe","2016",3.73540019989014,7.42230796813965,0.768425405025482,51.7279090881348,0.732971489429474,-0.0530704185366631,0.723612010478973,0.737635910511017,0.208554923534393,10.7,6,15.7
